x1,x2,x3,target_1,target_2,target_3,dist,000,001,010,100,011,110,101,111
0.0,0.0,0.0,0.5,0.5,0.5,0.5,0.12423,0.12413,0.12605,0.1242,0.12502,0.12579,0.1251,0.12548
0.0,0.0,0.2,0.5,0.5,0.5,0.4434711565216691,0.22568,0.22334,0.22534,0.02492,0.22514,0.02515,0.02511,0.02532
0.0,0.2,0.0,0.5,0.5,0.5,0.4434711565216691,0.22653,0.22388,0.02512,0.22433,0.02425,0.02429,0.22695,0.02465
0.2,0.0,0.0,0.5,0.5,0.5,0.4434711565216691,0.2247,0.02538,0.22425,0.22676,0.02492,0.2241,0.02518,0.02471
0.0,0.0,0.4,0.5,0.5,0.5,0.41231056256176607,0.24691,0.24921,0.24735,0.00267,0.2463,0.0026,0.00242,0.00254
0.0,0.4,0.0,0.5,0.5,0.5,0.41231056256176607,0.24595,0.24917,0.00245,0.24787,0.00269,0.00258,0.24711,0.00218
0.4,0.0,0.0,0.5,0.5,0.5,0.41231056256176607,0.249,0.00266,0.24513,0.24498,0.00258,0.25055,0.00258,0.00252
0.0,0.0,0.6,0.5,0.5,0.5,0.41231056256176607,0.24758,0.24733,0.24734,0.00287,0.24706,0.00259,0.00268,0.00255
0.0,0.6,0.0,0.5,0.5,0.5,0.41231056256176607,0.24708,0.2469,0.00242,0.24742,0.00254,0.00255,0.24836,0.00273
0.6,0.0,0.0,0.5,0.5,0.5,0.41231056256176607,0.24528,0.00239,0.24781,0.24831,0.00247,0.24848,0.00273,0.00253
0.0,0.0,0.8,0.5,0.5,0.5,0.4434711565216691,0.22712,0.22391,0.22683,0.02458,0.22318,0.0245,0.02511,0.02477
0.0,0.8,0.0,0.5,0.5,0.5,0.4434711565216691,0.22661,0.22324,0.0251,0.22542,0.02489,0.02472,0.22504,0.02498
0.8,0.0,0.0,0.5,0.5,0.5,0.4434711565216691,0.2252,0.02498,0.2263,0.22527,0.02546,0.22346,0.02428,0.02505
0.0,0.0,1.0,0.5,0.5,0.5,0.5,0.12366,0.12749,0.126,0.12332,0.12596,0.1234,0.12475,0.12542
0.0,1.0,0.0,0.5,0.5,0.5,0.5,0.12471,0.12513,0.12531,0.12357,0.12441,0.12655,0.12413,0.12619
1.0,0.0,0.0,0.5,0.5,0.5,0.5,0.12623,0.12364,0.12586,0.1242,0.12314,0.1255,0.12671,0.12472
0.0,0.2,0.2,0.5,0.5,0.5,0.3785938897200183,0.40869,0.40124,0.04562,0.04455,0.04517,0.00469,0.04541,0.00463
0.2,0.0,0.2,0.5,0.5,0.5,0.3785938897200183,0.40393,0.04473,0.40568,0.04574,0.04497,0.04471,0.0052,0.00504
0.2,0.2,0.0,0.5,0.5,0.5,0.3785938897200183,0.40405,0.045,0.04421,0.40631,0.00539,0.04539,0.0448,0.00485
0.0,0.2,0.4,0.5,0.5,0.5,0.34156502553198664,0.44406,0.44665,0.04967,0.00422,0.04967,0.00052,0.00469,0.00052
0.0,0.4,0.2,0.5,0.5,0.5,0.34156502553198664,0.44514,0.44614,0.00422,0.05057,0.00454,0.00045,0.0484,0.00054
0.2,0.0,0.4,0.5,0.5,0.5,0.34156502553198664,0.44566,0.04999,0.44561,0.00463,0.04888,0.00431,0.00044,0.00048
0.2,0.4,0.0,0.5,0.5,0.5,0.34156502553198664,0.44678,0.05017,0.00427,0.44436,0.00069,0.00426,0.04888,0.00059
0.4,0.0,0.2,0.5,0.5,0.5,0.34156502553198664,0.44402,0.00438,0.44707,0.0491,0.00465,0.04977,0.00056,0.00045
0.4,0.2,0.0,0.5,0.5,0.5,0.34156502553198664,0.44687,0.00455,0.05007,0.44361,0.00044,0.04978,0.00419,0.00049
0.0,0.2,0.6,0.5,0.5,0.5,0.34156502553198664,0.44716,0.44452,0.04938,0.00441,0.04913,0.00047,0.00455,0.00038
0.0,0.6,0.2,0.5,0.5,0.5,0.34156502553198664,0.44364,0.44732,0.00477,0.04953,0.00433,0.00044,0.04943,0.00054
0.2,0.0,0.6,0.5,0.5,0.5,0.34156502553198664,0.4455,0.04937,0.44513,0.00447,0.05,0.00447,0.00045,0.00061
0.2,0.6,0.0,0.5,0.5,0.5,0.34156502553198664,0.44357,0.04948,0.00484,0.44615,0.0004,0.00488,0.05021,0.00047
0.6,0.0,0.2,0.5,0.5,0.5,0.34156502553198664,0.4448,0.00491,0.4458,0.04959,0.00463,0.04926,0.00039,0.00062
0.6,0.2,0.0,0.5,0.5,0.5,0.34156502553198664,0.44431,0.00473,0.05014,0.44556,0.00051,0.04941,0.00488,0.00046
0.0,0.2,0.8,0.5,0.5,0.5,0.3785938897200183,0.40442,0.40648,0.04404,0.04483,0.04499,0.00517,0.04485,0.00522
0.0,0.8,0.2,0.5,0.5,0.5,0.3785938897200183,0.40428,0.40499,0.04482,0.04495,0.04675,0.00523,0.04404,0.00494
0.2,0.0,0.8,0.5,0.5,0.5,0.3785938897200183,0.40333,0.04463,0.40642,0.04579,0.04523,0.04504,0.00473,0.00483
0.2,0.8,0.0,0.5,0.5,0.5,0.3785938897200183,0.40449,0.04514,0.04435,0.40567,0.00499,0.04471,0.0454,0.00525
0.8,0.0,0.2,0.5,0.5,0.5,0.3785938897200183,0.40353,0.04441,0.4085,0.04429,0.04554,0.04438,0.00467,0.00468
0.8,0.2,0.0,0.5,0.5,0.5,0.3785938897200183,0.40463,0.04543,0.04567,0.40542,0.00508,0.04384,0.04521,0.00472
0.0,0.2,1.0,0.5,0.5,0.5,0.4434711565216691,0.22263,0.22519,0.02553,0.2252,0.02447,0.02523,0.22675,0.025
0.0,1.0,0.2,0.5,0.5,0.5,0.4434711565216691,0.22638,0.22346,0.22447,0.02416,0.22694,0.0241,0.02498,0.02551
0.2,0.0,1.0,0.5,0.5,0.5,0.4434711565216691,0.2246,0.02432,0.22829,0.22405,0.02519,0.22372,0.02543,0.0244
0.2,1.0,0.0,0.5,0.5,0.5,0.4434711565216691,0.2246,0.02438,0.2251,0.22291,0.02491,0.22704,0.02509,0.02597
1.0,0.0,0.2,0.5,0.5,0.5,0.4434711565216691,0.22516,0.22258,0.22535,0.02494,0.22634,0.02521,0.02553,0.02489
1.0,0.2,0.0,0.5,0.5,0.5,0.4434711565216691,0.22429,0.22514,0.02475,0.22499,0.02591,0.0248,0.22401,0.02611
0.0,0.4,0.4,0.5,0.5,0.5,0.30000000000000004,0.48803,0.49291,0.00471,0.00438,0.00484,3e-05,0.00502,8e-05
0.4,0.0,0.4,0.5,0.5,0.5,0.30000000000000004,0.48776,0.00485,0.4923,0.00547,0.00469,0.00483,6e-05,4e-05
0.4,0.4,0.0,0.5,0.5,0.5,0.30000000000000004,0.487,0.00494,0.00497,0.49325,5e-05,0.00507,0.00467,5e-05
0.0,0.4,0.6,0.5,0.5,0.5,0.30000000000000004,0.49013,0.4899,0.00522,0.00524,0.00478,2e-05,0.00459,0.00012
0.0,0.6,0.4,0.5,0.5,0.5,0.30000000000000004,0.48893,0.48999,0.00548,0.00562,0.00478,5e-05,0.00511,4e-05
0.4,0.0,0.6,0.5,0.5,0.5,0.30000000000000004,0.49179,0.00524,0.48798,0.00454,0.00506,0.00531,3e-05,5e-05
0.4,0.6,0.0,0.5,0.5,0.5,0.30000000000000004,0.4909,0.0048,0.00526,0.48899,7e-05,0.00499,0.00493,6e-05
0.6,0.0,0.4,0.5,0.5,0.5,0.30000000000000004,0.48873,0.00508,0.49069,0.00515,0.00519,0.00508,4e-05,4e-05
0.6,0.4,0.0,0.5,0.5,0.5,0.30000000000000004,0.48975,0.00442,0.00522,0.4899,4e-05,0.00536,0.00524,7e-05
0.0,0.4,0.8,0.5,0.5,0.5,0.34156502553198664,0.44555,0.44635,0.00472,0.04952,0.00457,0.00042,0.04829,0.00058
0.0,0.8,0.4,0.5,0.5,0.5,0.34156502553198664,0.44564,0.44452,0.04979,0.00456,0.04987,0.00047,0.00476,0.00039
0.4,0.0,0.8,0.5,0.5,0.5,0.34156502553198664,0.44711,0.00428,0.44497,0.04798,0.00445,0.05034,0.00045,0.00042
0.4,0.8,0.0,0.5,0.5,0.5,0.34156502553198664,0.44527,0.00442,0.04976,0.44533,0.00041,0.04972,0.00454,0.00055
0.8,0.0,0.4,0.5,0.5,0.5,0.34156502553198664,0.44498,0.04959,0.44541,0.0045,0.05004,0.00453,0.00038,0.00057
0.8,0.4,0.0,0.5,0.5,0.5,0.34156502553198664,0.44403,0.05045,0.00448,0.44603,0.00066,0.00447,0.04931,0.00057
0.0,0.4,1.0,0.5,0.5,0.5,0.41231056256176607,0.2488,0.24548,0.00272,0.2476,0.00239,0.00254,0.2479,0.00257
0.0,1.0,0.4,0.5,0.5,0.5,0.41231056256176607,0.24886,0.2459,0.24882,0.0022,0.24688,0.00242,0.00258,0.00234
0.4,0.0,1.0,0.5,0.5,0.5,0.41231056256176607,0.24593,0.00264,0.24766,0.24774,0.00276,0.24854,0.00245,0.00228
0.4,1.0,0.0,0.5,0.5,0.5,0.41231056256176607,0.24638,0.00223,0.248,0.24809,0.00254,0.2474,0.00273,0.00263
1.0,0.0,0.4,0.5,0.5,0.5,0.41231056256176607,0.24837,0.24891,0.24642,0.00277,0.24569,0.0027,0.00244,0.0027
1.0,0.4,0.0,0.5,0.5,0.5,0.41231056256176607,0.24745,0.24875,0.00247,0.24717,0.00254,0.00244,0.24669,0.00249
0.0,0.6,0.6,0.5,0.5,0.5,0.30000000000000004,0.48893,0.49124,0.00479,0.00478,0.00489,2e-05,0.00534,1e-05
0.6,0.0,0.6,0.5,0.5,0.5,0.30000000000000004,0.48917,0.00438,0.49158,0.0049,0.0049,0.00499,5e-05,3e-05
0.6,0.6,0.0,0.5,0.5,0.5,0.30000000000000004,0.49029,0.00508,0.00479,0.48978,7e-05,0.00505,0.00492,2e-05
0.0,0.6,0.8,0.5,0.5,0.5,0.34156502553198664,0.44205,0.44952,0.0046,0.04939,0.00471,0.00051,0.04861,0.00061
0.0,0.8,0.6,0.5,0.5,0.5,0.34156502553198664,0.44624,0.44525,0.04831,0.00456,0.04965,0.00051,0.00497,0.00051
0.6,0.0,0.8,0.5,0.5,0.5,0.34156502553198664,0.44286,0.00471,0.44768,0.04922,0.00455,0.05014,0.00048,0.00036
0.6,0.8,0.0,0.5,0.5,0.5,0.34156502553198664,0.44578,0.00452,0.04921,0.44558,0.0005,0.04914,0.00469,0.00058
0.8,0.0,0.6,0.5,0.5,0.5,0.34156502553198664,0.4448,0.04905,0.44685,0.00461,0.04902,0.00452,0.00047,0.00068
0.8,0.6,0.0,0.5,0.5,0.5,0.34156502553198664,0.44692,0.04907,0.0042,0.44304,0.00059,0.0048,0.05096,0.00042
0.0,0.6,1.0,0.5,0.5,0.5,0.41231056256176607,0.2472,0.24805,0.00266,0.24871,0.00244,0.00276,0.24581,0.00237
0.0,1.0,0.6,0.5,0.5,0.5,0.41231056256176607,0.24664,0.24764,0.24686,0.00236,0.24967,0.00233,0.00231,0.00219
0.6,0.0,1.0,0.5,0.5,0.5,0.41231056256176607,0.24584,0.00246,0.24957,0.24729,0.0027,0.24721,0.00242,0.00251
0.6,1.0,0.0,0.5,0.5,0.5,0.41231056256176607,0.24956,0.00257,0.24324,0.24912,0.00237,0.24816,0.0027,0.00228
1.0,0.0,0.6,0.5,0.5,0.5,0.41231056256176607,0.24911,0.24716,0.24658,0.00242,0.24724,0.0024,0.0024,0.00269
1.0,0.6,0.0,0.5,0.5,0.5,0.41231056256176607,0.24625,0.24852,0.00259,0.24715,0.00269,0.00262,0.2475,0.00268
0.0,0.8,0.8,0.5,0.5,0.5,0.3785938897200183,0.40349,0.40766,0.04488,0.04442,0.04527,0.00493,0.04479,0.00456
0.8,0.0,0.8,0.5,0.5,0.5,0.3785938897200183,0.40393,0.04536,0.40621,0.04515,0.04567,0.04423,0.00485,0.0046
0.8,0.8,0.0,0.5,0.5,0.5,0.3785938897200183,0.40417,0.04475,0.04592,0.40617,0.00495,0.04567,0.04396,0.00441
0.0,0.8,1.0,0.5,0.5,0.5,0.4434711565216691,0.22575,0.22383,0.02514,0.22486,0.02442,0.02497,0.22604,0.02499
0.0,1.0,0.8,0.5,0.5,0.5,0.4434711565216691,0.22223,0.2254,0.22641,0.02578,0.22469,0.02505,0.02551,0.02493
0.8,0.0,1.0,0.5,0.5,0.5,0.4434711565216691,0.22432,0.02451,0.22546,0.22396,0.02529,0.22577,0.0259,0.02479
0.8,1.0,0.0,0.5,0.5,0.5,0.4434711565216691,0.225,0.0252,0.22495,0.22491,0.02476,0.22567,0.02473,0.02478
1.0,0.0,0.8,0.5,0.5,0.5,0.4434711565216691,0.22518,0.22449,0.22484,0.02476,0.22549,0.02506,0.02481,0.02537
1.0,0.8,0.0,0.5,0.5,0.5,0.4434711565216691,0.22414,0.22824,0.02526,0.2243,0.02514,0.0245,0.22356,0.02486
0.0,1.0,1.0,0.5,0.5,0.5,0.5,0.12377,0.12505,0.12447,0.12592,0.12678,0.1263,0.12375,0.12396
1.0,0.0,1.0,0.5,0.5,0.5,0.5,0.12497,0.12611,0.12517,0.12582,0.12454,0.12467,0.12362,0.1251
1.0,1.0,0.0,0.5,0.5,0.5,0.5,0.12368,0.12692,0.12498,0.12336,0.12422,0.1246,0.12619,0.12605
0.2,0.2,0.2,0.5,0.5,0.5,0.30000000000000004,0.72746,0.08244,0.08109,0.08151,0.00885,0.00894,0.00864,0.00107
0.2,0.2,0.4,0.5,0.5,0.5,0.2516611478423583,0.80168,0.0886,0.08894,0.00837,0.01031,0.00113,0.00085,0.00012
0.2,0.4,0.2,0.5,0.5,0.5,0.2516611478423583,0.80226,0.08827,0.00827,0.08966,0.00082,0.00091,0.00974,7e-05
0.4,0.2,0.2,0.5,0.5,0.5,0.2516611478423583,0.80078,0.00795,0.08957,0.08927,0.00102,0.01034,0.00103,4e-05
0.2,0.2,0.6,0.5,0.5,0.5,0.2516611478423583,0.80189,0.08895,0.08897,0.00857,0.00961,0.00103,0.00088,0.0001
0.2,0.6,0.2,0.5,0.5,0.5,0.2516611478423583,0.80268,0.08841,0.00782,0.08899,0.00088,0.00091,0.01021,0.0001
0.6,0.2,0.2,0.5,0.5,0.5,0.2516611478423583,0.80094,0.00808,0.09008,0.08916,0.00079,0.01008,0.00081,6e-05
0.2,0.2,0.8,0.5,0.5,0.5,0.30000000000000004,0.73092,0.08055,0.08006,0.08043,0.00903,0.00898,0.00899,0.00104
0.2,0.8,0.2,0.5,0.5,0.5,0.30000000000000004,0.73029,0.08087,0.07957,0.08189,0.00891,0.00883,0.00881,0.00083
0.8,0.2,0.2,0.5,0.5,0.5,0.30000000000000004,0.73029,0.07962,0.08201,0.08056,0.00913,0.00873,0.00885,0.00081
0.2,0.2,1.0,0.5,0.5,0.5,0.3785938897200183,0.40399,0.04558,0.04427,0.40502,0.00477,0.04617,0.04515,0.00505
0.2,1.0,0.2,0.5,0.5,0.5,0.3785938897200183,0.40598,0.04456,0.40439,0.04443,0.04533,0.04484,0.00509,0.00538
1.0,0.2,0.2,0.5,0.5,0.5,0.3785938897200183,0.4053,0.40383,0.04555,0.0455,0.04441,0.00465,0.04576,0.005
0.2,0.4,0.4,0.5,0.5,0.5,0.19148542155126763,0.88181,0.09829,0.00881,0.00914,0.00088,5e-05,0.00101,1e-05
0.4,0.2,0.4,0.5,0.5,0.5,0.19148542155126763,0.88249,0.00902,0.09765,0.00883,0.00089,0.00108,4e-05,0.0
0.4,0.4,0.2,0.5,0.5,0.5,0.19148542155126763,0.88175,0.00927,0.00902,0.09783,0.00012,0.00114,0.00085,2e-05
0.2,0.4,0.6,0.5,0.5,0.5,0.19148542155126763,0.88191,0.09722,0.00934,0.00926,0.00111,0.0001,0.00106,0.0
0.2,0.6,0.4,0.5,0.5,0.5,0.19148542155126763,0.88221,0.09732,0.00928,0.00892,0.00107,6e-05,0.00114,0.0
0.4,0.2,0.6,0.5,0.5,0.5,0.19148542155126763,0.88155,0.00888,0.09861,0.00881,0.00093,0.00112,0.0001,0.0
0.4,0.6,0.2,0.5,0.5,0.5,0.19148542155126763,0.88055,0.00941,0.00913,0.09891,8e-05,0.00096,0.00093,3e-05
0.6,0.2,0.4,0.5,0.5,0.5,0.19148542155126763,0.88361,0.00914,0.09676,0.00848,0.00094,0.001,7e-05,0.0
0.6,0.4,0.2,0.5,0.5,0.5,0.19148542155126763,0.88348,0.00871,0.00905,0.09649,8e-05,0.00109,0.0011,0.0
0.2,0.4,0.8,0.5,0.5,0.5,0.2516611478423583,0.80315,0.09015,0.00818,0.08727,0.0008,0.00087,0.00949,9e-05
0.2,0.8,0.4,0.5,0.5,0.5,0.2516611478423583,0.80332,0.09053,0.08701,0.00785,0.00923,0.00102,0.00094,0.0001
0.4,0.2,0.8,0.5,0.5,0.5,0.2516611478423583,0.80172,0.00741,0.09038,0.08937,0.0008,0.0093,0.00093,9e-05
0.4,0.8,0.2,0.5,0.5,0.5,0.2516611478423583,0.80052,0.00791,0.09081,0.08864,0.00095,0.01007,0.00102,8e-05
0.8,0.2,0.4,0.5,0.5,0.5,0.2516611478423583,0.80102,0.09069,0.08911,0.0078,0.00934,0.00099,0.00096,9e-05
0.8,0.4,0.2,0.5,0.5,0.5,0.2516611478423583,0.80311,0.0885,0.00797,0.08808,0.00109,0.0011,0.01005,0.0001
0.2,0.4,1.0,0.5,0.5,0.5,0.34156502553198664,0.44576,0.04839,0.00457,0.44563,0.00053,0.00491,0.04961,0.0006
0.2,1.0,0.4,0.5,0.5,0.5,0.34156502553198664,0.44558,0.05026,0.44487,0.00442,0.04913,0.00475,0.0006,0.00039
0.4,0.2,1.0,0.5,0.5,0.5,0.34156502553198664,0.4459,0.0044,0.04946,0.44522,0.00052,0.04918,0.00479,0.00053
0.4,1.0,0.2,0.5,0.5,0.5,0.34156502553198664,0.44552,0.00437,0.44674,0.04903,0.00442,0.04902,0.00046,0.00044
1.0,0.2,0.4,0.5,0.5,0.5,0.34156502553198664,0.44546,0.44598,0.04954,0.00425,0.04906,0.00047,0.00474,0.0005
1.0,0.4,0.2,0.5,0.5,0.5,0.34156502553198664,0.44575,0.4453,0.00431,0.05003,0.0045,0.00054,0.04913,0.00044
0.2,0.6,0.6,0.5,0.5,0.5,0.19148542155126763,0.88045,0.09915,0.00949,0.00861,0.00125,0.00012,0.00092,1e-05
0.6,0.2,0.6,0.5,0.5,0.5,0.19148542155126763,0.88392,0.00895,0.09629,0.00853,0.0012,0.00099,0.00012,0.0
0.6,0.6,0.2,0.5,0.5,0.5,0.19148542155126763,0.88231,0.00918,0.00835,0.09816,0.00012,0.00085,0.00102,1e-05
0.2,0.6,0.8,0.5,0.5,0.5,0.2516611478423583,0.80206,0.08927,0.00819,0.08821,0.00089,0.00081,0.01044,0.00013
0.2,0.8,0.6,0.5,0.5,0.5,0.2516611478423583,0.80346,0.08821,0.08882,0.00769,0.00988,0.00093,0.00093,8e-05
0.6,0.2,0.8,0.5,0.5,0.5,0.2516611478423583,0.802,0.00782,0.08953,0.08928,0.00089,0.00964,0.00077,7e-05
0.6,0.8,0.2,0.5,0.5,0.5,0.2516611478423583,0.80078,0.00823,0.08954,0.08916,0.00101,0.01021,0.00096,0.00011
0.8,0.2,0.6,0.5,0.5,0.5,0.2516611478423583,0.80264,0.08896,0.08887,0.00774,0.0099,0.00087,0.00093,9e-05
0.8,0.6,0.2,0.5,0.5,0.5,0.2516611478423583,0.80314,0.08865,0.0081,0.08823,0.00102,0.00076,0.01001,9e-05
0.2,0.6,1.0,0.5,0.5,0.5,0.34156502553198664,0.44362,0.04916,0.00503,0.44653,0.00053,0.00459,0.04999,0.00055
0.2,1.0,0.6,0.5,0.5,0.5,0.34156502553198664,0.44524,0.0487,0.44635,0.00485,0.04912,0.00476,0.00054,0.00044
0.6,0.2,1.0,0.5,0.5,0.5,0.34156502553198664,0.44654,0.00433,0.05081,0.44319,0.00055,0.04955,0.00458,0.00045
0.6,1.0,0.2,0.5,0.5,0.5,0.34156502553198664,0.44894,0.00449,0.4426,0.04909,0.00428,0.04964,0.00043,0.00053
1.0,0.2,0.6,0.5,0.5,0.5,0.34156502553198664,0.44487,0.44528,0.04956,0.00467,0.05006,0.00057,0.00446,0.00053
1.0,0.6,0.2,0.5,0.5,0.5,0.34156502553198664,0.44536,0.44537,0.00463,0.05005,0.00453,0.00052,0.04898,0.00056
0.2,0.8,0.8,0.5,0.5,0.5,0.30000000000000004,0.73089,0.07992,0.08187,0.08004,0.00885,0.00857,0.00884,0.00102
0.8,0.2,0.8,0.5,0.5,0.5,0.30000000000000004,0.72859,0.08146,0.08095,0.08082,0.00888,0.00902,0.00931,0.00097
0.8,0.8,0.2,0.5,0.5,0.5,0.30000000000000004,0.72841,0.0809,0.08153,0.08117,0.00891,0.00903,0.00915,0.0009
0.2,0.8,1.0,0.5,0.5,0.5,0.3785938897200183,0.40685,0.04491,0.04433,0.40437,0.00482,0.04477,0.04522,0.00473
0.2,1.0,0.8,0.5,0.5,0.5,0.3785938897200183,0.40591,0.04359,0.40782,0.04542,0.04354,0.04451,0.00454,0.00467
0.8,0.2,1.0,0.5,0.5,0.5,0.3785938897200183,0.40328,0.04501,0.04411,0.40714,0.00501,0.04525,0.04533,0.00487
0.8,1.0,0.2,0.5,0.5,0.5,0.3785938897200183,0.40693,0.04487,0.40323,0.045,0.04451,0.04523,0.00517,0.00506
1.0,0.2,0.8,0.5,0.5,0.5,0.3785938897200183,0.40848,0.4046,0.04484,0.04389,0.044,0.00494,0.0439,0.00535
1.0,0.8,0.2,0.5,0.5,0.5,0.3785938897200183,0.40335,0.40585,0.04439,0.04562,0.04563,0.00485,0.04522,0.00509
0.2,1.0,1.0,0.5,0.5,0.5,0.4434711565216691,0.22706,0.02496,0.22363,0.22637,0.02564,0.22268,0.0252,0.02446
1.0,0.2,1.0,0.5,0.5,0.5,0.4434711565216691,0.22617,0.22616,0.02483,0.22286,0.02557,0.02546,0.22477,0.02418
1.0,1.0,0.2,0.5,0.5,0.5,0.4434711565216691,0.22612,0.22629,0.22378,0.02525,0.22416,0.02497,0.02506,0.02437
0.4,0.4,0.4,0.5,0.5,0.5,0.09999999999999998,0.9692,0.01022,0.01005,0.0103,5e-05,9e-05,9e-05,0.0
0.4,0.4,0.6,0.5,0.5,0.5,0.09999999999999998,0.97001,0.00973,0.01005,0.00994,7e-05,9e-05,0.00011,0.0
0.4,0.6,0.4,0.5,0.5,0.5,0.09999999999999998,0.96946,0.01025,0.00982,0.01011,0.00014,0.0001,0.00012,0.0
0.6,0.4,0.4,0.5,0.5,0.5,0.09999999999999998,0.97049,0.00965,0.0096,0.01,9e-05,8e-05,8e-05,1e-05
0.4,0.4,0.8,0.5,0.5,0.5,0.19148542155126766,0.88258,0.00918,0.0092,0.09701,0.0001,0.00086,0.00105,2e-05
0.4,0.8,0.4,0.5,0.5,0.5,0.19148542155126766,0.88456,0.00904,0.09572,0.00846,0.00116,0.00099,6e-05,1e-05
0.8,0.4,0.4,0.5,0.5,0.5,0.19148542155126766,0.88272,0.09725,0.00916,0.00895,0.00096,0.00011,0.00084,1e-05
0.4,0.4,1.0,0.5,0.5,0.5,0.30000000000000004,0.49246,0.00513,0.00565,0.48701,4e-05,0.00493,0.00475,3e-05
0.4,1.0,0.4,0.5,0.5,0.5,0.30000000000000004,0.48951,0.00506,0.49068,0.00465,0.00527,0.00476,3e-05,4e-05
1.0,0.4,0.4,0.5,0.5,0.5,0.30000000000000004,0.48958,0.4898,0.00516,0.00496,0.00536,5e-05,0.00501,8e-05
0.4,0.6,0.6,0.5,0.5,0.5,0.09999999999999998,0.97002,0.00994,0.01027,0.00949,7e-05,5e-05,0.00016,0.0
0.6,0.4,0.6,0.5,0.5,0.5,0.09999999999999998,0.97067,0.00939,0.01,0.00955,0.00017,9e-05,0.00013,0.0
0.6,0.6,0.4,0.5,0.5,0.5,0.09999999999999998,0.96965,0.01009,0.01016,0.00971,0.00016,0.00012,0.00011,0.0
0.4,0.6,0.8,0.5,0.5,0.5,0.19148542155126766,0.88246,0.00912,0.00869,0.09748,0.0001,0.00114,0.00098,3e-05
0.4,0.8,0.6,0.5,0.5,0.5,0.19148542155126766,0.88119,0.0086,0.09919,0.00934,0.00073,0.00085,9e-05,1e-05
0.6,0.4,0.8,0.5,0.5,0.5,0.19148542155126766,0.88232,0.00888,0.00902,0.09767,0.00011,0.00119,0.00081,0.0
0.6,0.8,0.4,0.5,0.5,0.5,0.19148542155126766,0.88122,0.00897,0.09903,0.00886,0.00101,0.00083,8e-05,0.0
0.8,0.4,0.6,0.5,0.5,0.5,0.19148542155126766,0.88095,0.09865,0.00913,0.00917,0.00093,0.00015,0.00102,0.0
0.8,0.6,0.4,0.5,0.5,0.5,0.19148542155126766,0.8811,0.09919,0.00914,0.00865,0.0009,0.00011,0.0009,1e-05
0.4,0.6,1.0,0.5,0.5,0.5,0.30000000000000004,0.49147,0.00475,0.00521,0.48843,3e-05,0.00498,0.00508,5e-05
0.4,1.0,0.6,0.5,0.5,0.5,0.30000000000000004,0.49101,0.00512,0.48915,0.00495,0.00492,0.00478,5e-05,2e-05
0.6,0.4,1.0,0.5,0.5,0.5,0.30000000000000004,0.48809,0.00482,0.00549,0.49198,3e-05,0.00473,0.00483,3e-05
0.6,1.0,0.4,0.5,0.5,0.5,0.30000000000000004,0.49086,0.0054,0.48884,0.00493,0.00479,0.00509,7e-05,2e-05
1.0,0.4,0.6,0.5,0.5,0.5,0.30000000000000004,0.48958,0.49037,0.00496,0.00517,0.00486,4e-05,0.00497,5e-05
1.0,0.6,0.4,0.5,0.5,0.5,0.30000000000000004,0.48855,0.49073,0.00525,0.00493,0.00513,8e-05,0.00532,1e-05
0.4,0.8,0.8,0.5,0.5,0.5,0.2516611478423584,0.80204,0.0082,0.08929,0.08923,0.00091,0.00945,0.00079,9e-05
0.8,0.4,0.8,0.5,0.5,0.5,0.2516611478423584,0.80138,0.08974,0.00817,0.08926,0.00092,0.00084,0.00953,0.00016
0.8,0.8,0.4,0.5,0.5,0.5,0.2516611478423584,0.79986,0.09033,0.08891,0.00843,0.01059,0.0009,0.00087,0.00011
0.4,0.8,1.0,0.5,0.5,0.5,0.34156502553198664,0.44688,0.00445,0.04891,0.44469,0.0004,0.04967,0.00442,0.00058
0.4,1.0,0.8,0.5,0.5,0.5,0.34156502553198664,0.44602,0.00468,0.44526,0.0504,0.00426,0.04839,0.00057,0.00042
0.8,0.4,1.0,0.5,0.5,0.5,0.34156502553198664,0.44665,0.0487,0.00438,0.44541,0.00046,0.00463,0.04924,0.00053
0.8,1.0,0.4,0.5,0.5,0.5,0.34156502553198664,0.44544,0.04927,0.44499,0.00441,0.0504,0.00438,0.00058,0.00053
1.0,0.4,0.8,0.5,0.5,0.5,0.34156502553198664,0.44585,0.44345,0.00463,0.05068,0.00469,0.00036,0.04983,0.00051
1.0,0.8,0.4,0.5,0.5,0.5,0.34156502553198664,0.44184,0.44815,0.04904,0.0044,0.05111,0.00051,0.00427,0.00068
0.4,1.0,1.0,0.5,0.5,0.5,0.41231056256176607,0.24757,0.00273,0.24623,0.25079,0.0023,0.24516,0.00247,0.00275
1.0,0.4,1.0,0.5,0.5,0.5,0.41231056256176607,0.24733,0.24908,0.00255,0.24636,0.0025,0.00256,0.24711,0.00251
1.0,1.0,0.4,0.5,0.5,0.5,0.41231056256176607,0.24798,0.24603,0.24609,0.00254,0.24952,0.00257,0.00277,0.0025
0.6,0.6,0.6,0.5,0.5,0.5,0.09999999999999998,0.9696,0.00986,0.00993,0.01032,0.0001,9e-05,0.0001,0.0
0.6,0.6,0.8,0.5,0.5,0.5,0.19148542155126766,0.8828,0.00914,0.00848,0.09751,0.0001,0.00095,0.001,2e-05
0.6,0.8,0.6,0.5,0.5,0.5,0.19148542155126766,0.88172,0.00873,0.09837,0.00931,0.00083,0.00093,8e-05,3e-05
0.8,0.6,0.6,0.5,0.5,0.5,0.19148542155126766,0.88377,0.09636,0.00877,0.00902,0.001,7e-05,0.00101,0.0
0.6,0.6,1.0,0.5,0.5,0.5,0.30000000000000004,0.48818,0.00547,0.0049,0.49132,7e-05,0.00499,0.005,7e-05
0.6,1.0,0.6,0.5,0.5,0.5,0.30000000000000004,0.48959,0.0051,0.4902,0.00503,0.0048,0.00521,4e-05,3e-05
1.0,0.6,0.6,0.5,0.5,0.5,0.30000000000000004,0.48979,0.49026,0.00474,0.00483,0.00507,6e-05,0.00518,7e-05
0.6,0.8,0.8,0.5,0.5,0.5,0.2516611478423584,0.80038,0.00855,0.08994,0.08921,0.00083,0.01018,0.00083,8e-05
0.8,0.6,0.8,0.5,0.5,0.5,0.2516611478423584,0.80032,0.08934,0.0079,0.0901,0.00089,0.00088,0.01047,0.0001
0.8,0.8,0.6,0.5,0.5,0.5,0.2516611478423584,0.80192,0.08788,0.08968,0.00819,0.01046,0.00092,0.0008,0.00015
0.6,0.8,1.0,0.5,0.5,0.5,0.34156502553198664,0.4456,0.00447,0.04862,0.4464,0.00048,0.04937,0.00461,0.00045
0.6,1.0,0.8,0.5,0.5,0.5,0.34156502553198664,0.44489,0.00412,0.44588,0.04948,0.00449,0.05026,0.00042,0.00046
0.8,0.6,1.0,0.5,0.5,0.5,0.34156502553198664,0.44448,0.05095,0.00424,0.4459,0.00049,0.00463,0.04894,0.00037
0.8,1.0,0.6,0.5,0.5,0.5,0.34156502553198664,0.44131,0.05063,0.44918,0.00455,0.04881,0.00455,0.00052,0.00045
1.0,0.6,0.8,0.5,0.5,0.5,0.34156502553198664,0.44696,0.444,0.00415,0.05002,0.00443,0.0006,0.04938,0.00046
1.0,0.8,0.6,0.5,0.5,0.5,0.34156502553198664,0.44946,0.44129,0.04885,0.0047,0.05011,0.00052,0.00456,0.00051
0.6,1.0,1.0,0.5,0.5,0.5,0.41231056256176607,0.24696,0.0026,0.2474,0.246,0.00282,0.2491,0.00272,0.0024
1.0,0.6,1.0,0.5,0.5,0.5,0.41231056256176607,0.24742,0.24566,0.00247,0.24751,0.00257,0.00254,0.24927,0.00256
1.0,1.0,0.6,0.5,0.5,0.5,0.41231056256176607,0.24808,0.24907,0.2462,0.00243,0.24667,0.0026,0.00279,0.00216
0.8,0.8,0.8,0.5,0.5,0.5,0.30000000000000004,0.72842,0.08136,0.08028,0.08104,0.00952,0.00936,0.00903,0.00099
0.8,0.8,1.0,0.5,0.5,0.5,0.3785938897200183,0.40294,0.04559,0.04501,0.40607,0.00489,0.04493,0.04538,0.00519
0.8,1.0,0.8,0.5,0.5,0.5,0.3785938897200183,0.40421,0.04411,0.40694,0.04467,0.0446,0.04541,0.00496,0.0051
1.0,0.8,0.8,0.5,0.5,0.5,0.3785938897200183,0.40427,0.40516,0.04402,0.0454,0.04552,0.00515,0.04564,0.00484
0.8,1.0,1.0,0.5,0.5,0.5,0.4434711565216691,0.22732,0.02513,0.22348,0.22348,0.02488,0.22518,0.02498,0.02555
1.0,0.8,1.0,0.5,0.5,0.5,0.4434711565216691,0.22642,0.22529,0.02422,0.22279,0.02565,0.02518,0.22505,0.0254
1.0,1.0,0.8,0.5,0.5,0.5,0.4434711565216691,0.22279,0.22667,0.22529,0.02506,0.22603,0.0245,0.02461,0.02505
1.0,1.0,1.0,0.5,0.5,0.5,0.5,0.12423,0.12675,0.12639,0.1253,0.12497,0.12369,0.12429,0.12438
